<?xml version="1.0" encoding="UTF-8"?>
<beans xmlns="http://www.springframework.org/schema/beans"
       xmlns:xsi="http://www.w3.org/2001/XMLSchema-instance"
       xmlns:util="http://www.springframework.org/schema/util"
	   xmlns:aop="http://www.springframework.org/schema/aop"
	   xmlns:jee="http://www.springframework.org/schema/jee"
	   xmlns:tx="http://www.springframework.org/schema/tx"
	          xsi:schemaLocation="
					http://www.springframework.org/schema/beans http://www.springframework.org/schema/beans/spring-beans-2.0.xsd
					http://www.springframework.org/schema/jee http://www.springframework.org/schema/jee/spring-jee-2.0.xsd
					http://www.springframework.org/schema/util http://www.springframework.org/schema/util/spring-util-2.0.xsd
					http://www.springframework.org/schema/tx http://www.springframework.org/schema/tx/spring-tx-2.0.xsd
					http://www.springframework.org/schema/aop http://www.springframework.org/schema/aop/spring-aop-2.0.xsd">

<bean id="campaignServiceSessionCache" class="com.campaign.cache.CampaignServiceSessionCacheImpl">
		 <property name="cache">
			<ref  bean="campaignSessionCache" />
		</property>		
		<property name="timeToLiveInSeconds" value="900" />
	</bean>
	
	<bean id="campaignSessionCache" class="org.springframework.cache.ehcache.EhCacheFactoryBean">
		<property name="cacheManager">
			<ref bean="cacheManager" />
		</property>
		<property name="cacheName">
			<value>CampaignSessionDistributedCache</value>
		</property>
	</bean>
	

</beans> 



	

